No.;Tahun;Jenis Hutan;Nama PBPH;Luas PBPH;Target Produksi RKTPH Murni Luas (Ha);Target Produksi RKTPH Murni Volume (M3);Target Produksi RKTPH Carry Over Luas (Ha);Target Produksi RKTPH Carry Over Volume (M3);Target Produksi RKTPH Jumlah Luas (Ha);Target Produksi RKTPH Jumlah Volume (M3);Realisasi Produksi RKTPH Alam Volume (M3);Realisasi Produksi RKTPH Tanaman Volume (M3);Realisasi Produksi RKTPH Jumlah Volume (M3);Prosentase;Keterangan
1;2022;Hutan Alam;Koperasi. Pondok Pesantren Darussalam;20.159,00;643;20.247,71;0;0;643;20.247,71;0;0;0;0,00%;Tidak Ada
2;2022;Hutan Alam;PT. Karya Wijaya Sukses;17.885,00;0;0;0;0;0;0;0;0;0;0%;Tidak Ada
3;2022;Hutan Alam;PT. Nadila Indodaya;32.970,00;913,44;33.197,99;0;0;913,44;33.197,99;8.791,27;0;8.791,27;26,48%;Tidak Ada
4;2022;Hutan Alam;PT. Borneo Karya Indah Mandiri;47.395,00;1.594,00;45.458,37;0;0;1.594,00;45.458,37;12.186,24;0;12.186,24;26,81%;Tidak Ada
5;2022;Hutan Alam;PT. Wangsa Karya Lestari;38.880,00;896,77;26.813,80;0;0;896,77;26.813,80;0;0;0;0,00%;Tidak Ada
6;2022;Hutan Alam;PT. Greaty Sukses Abadi Unit Sungai Telakai;34.865,00;989;40.025,30;982;13.817,38;1.971,00;53.842,68;26.247,52;0;26.247,52;48,75%;Tidak Ada
7;2022;Hutan Alam;PT. Hanurata (Kalimantan Timur);86.440,00;2.066,00;50.419,53;0;0;2.066,00;50.419,53;11.078,53;0;11.078,53;21,97%;Tidak Ada
8;2022;Hutan Alam;PT. Kreasi Prima Lestari;41.475,00;0;0;0;0;0;0;0;0;0;0%;Tidak Ada
9;2022;Hutan Alam;PT. Inhutani I Unit Meraang;70.700,00;3.174,29;61.511,50;0;0;3.174,29;61.511,50;33.936,95;0;33.936,95;55,17%;Tidak Ada
10;2022;Hutan Alam;PT. Inhutani I Unit Labanan;138.210,00;3.219,00;74.324,45;0;0;3.219,00;74.324,45;31.034,10;0;31.034,10;41,75%;Tidak Ada
11;2022;Hutan Alam;PT. Karya Lestari;49.123,00;1.347,00;34.422,59;0;0;1.347,00;34.422,59;21.712,27;0;21.712,27;63,08%;Tidak Ada
12;2022;Hutan Alam;PT. Utama Damai Indah Timber;49.250,00;1.060,00;27.469,70;144;5.875,30;1.204,00;33.345,00;24.121,79;0;24.121,79;72,34%;Tidak Ada
13;2022;Hutan Alam;PT. Kedungmadu Tropical Wood;50.400,00;1.857,00;61.057,91;0;0;1.857,00;61.057,91;25.422,81;0;25.422,81;41,64%;Tidak Ada
14;2022;Hutan Alam;PT. Inhutani I Unit Sambarata;106.020,00;2.954,36;128.935,49;0;0;2.954,36;128.935,49;51.692,44;0;51.692,44;40,09%;Tidak Ada
15;2022;Hutan Alam;KUD. Beringin Mulya;23.635,00;628;28.000,00;361;12.450,00;989;40.450,00;6.498,93;0;6.498,93;16,07%;Tidak Ada
16;2022;Hutan Alam;PT. Amindo Wana Persada;43.680,00;112,37;4.627,27;0;0;112,37;4.627,27;0;0;0;0,00%;Tidak Ada
17;2022;Hutan Alam;CV. Pari Jaya Makmur;12.070,00;365;21.458,99;0;0;365;21.458,99;11.309,17;0;11.309,17;52,70%;Tidak Ada
18;2022;Hutan Alam;PT. Mardhika Insan Mulia;46.080,00;1.081,00;36.250,00;0;0;1.081,00;36.250,00;3.853,39;0;3.853,39;10,63%;Tidak Ada
19;2022;Hutan Alam;PT. Telaga Mas Kalimantan;82.805,00;0;0;0;0;0;0;0;0;0;0%;Tidak Ada
20;2022;Hutan Alam;PT. Belayan River Timber;97.500,00;2.144,23;37.553,88;954,62;16.160,67;3.098,85;53.714,55;40.732,50;0;40.732,50;75,83%;Tidak Ada
21;2022;Hutan Alam;PT. Widya Artha Perdana;14.800,00;325,96;18.897,45;0;0;325,96;18.897,45;0;0;0;0,00%;Tidak Ada
22;2022;Hutan Alam;PT. Barito Nusantara Indah;94.685,00;2.378,00;70.035,71;0;0;2.378,00;70.035,71;12.894,06;0;12.894,06;18,41%;Tidak Ada
23;2022;Hutan Alam;PT. Daisy Timber;30.170,00;0;0;0;0;0;0;12.517,26;0;12.517,26;0%;Tidak Ada
24;2022;Hutan Alam;PT. Wana Bakti Persada Utama;44.402,00;1.262,00;29.636,00;1.292,00;20.195,00;2.554,00;49.831,00;172,08;0;172,08;0,35%;Tidak Ada
25;2022;Hutan Alam;PT. Intertropic Aditama;46.230,00;585,45;20.466,24;60,6;1.415,41;646,05;21.881,65;11.907,90;0;11.907,90;54,42%;Tidak Ada
26;2022;Hutan Alam;PT. Rimba Karya Rayatama;39.800,00;0;0;0;0;0;0;0;0;0;0%;Tidak Ada
27;2022;Hutan Alam;PT. Trimurti Madina Mulia;30.810,00;0;0;0;0;0;0;0;0;0;0%;Tidak Ada
28;2022;Hutan Alam;PT. Mardhika Insan Mulia Tabalar;25.630,00;635,82;18.200,00;0;0;635,82;18.200,00;1.823,50;0;1.823,50;10,02%;Tidak Ada
29;2022;Hutan Alam;PT. Kemakmuran Berkah Timber;82.194,45;2.198,29;37.758,98;432,84;8.337,54;2.631,13;46.096,52;9.261,54;0;9.261,54;20,09%;Tidak Ada
30;2022;Hutan Alam;PT. Roda Mas Timber Kalimantan;70.324,64;1.781,00;35.115,82;0;0;1.781,00;35.115,82;15.212,97;0;15.212,97;43,32%;Tidak Ada
31;2022;Hutan Alam;PT. Harapan Kaltim Lestari;44.515,00;1.150,00;54.805,03;770;28.827,29;1.920,00;83.632,32;7.991,77;0;7.991,77;9,56%;Tidak Ada
32;2022;Hutan Alam;PT. Sumalindo Lestari Jaya V;59.860,00;1.632,00;31.230,48;1.171,97;24.972,00;2.803,97;56.202,48;0;0;0;0,00%;Tidak Ada
33;2022;Hutan Alam;PT. Kedap Sayaag;14.370,00;707;35.847,59;0;0;707;35.847,59;1.963,95;0;1.963,95;5,48%;Tidak Ada
34;2022;Hutan Alam;PT. Puji Sempurna Raharja;14.605,00;552;26.387,00;0;0;552;26.387,00;27.518,25;0;27.518,25;104,29%;Tidak Ada
35;2022;Hutan Alam;PT. Mahakarya Perdana Gemilang Unit II;12.890,00;0;0;0;0;0;0;0;0;0;0%;Tidak Ada
36;2022;Hutan Alam;PT. Mahakarya Perdana Gemilang Unit I;22.305,00;0;0;0;0;0;0;0;0;0;0%;Tidak Ada
37;2022;Hutan Alam;PT. Narkata Rimba;65.925,00;1.958,95;27.233,93;488,15;9.076,22;2.447,10;36.310,15;14.292,47;0;14.292,47;39,36%;Tidak Ada
38;2022;Hutan Alam;PT. Panambangan;43.240,00;588;24.634,99;0;0;588;24.634,99;0;0;0;0,00%;Tidak Ada
39;2022;Hutan Alam;PT. Restorasi Habitat Orangutan Indonesia;86.450,00;0;0;0;0;0;0;0;0;0;0,00%;Tidak Ada
40;2022;Hutan Alam;PT. Seroja Universum Narwastu;36.500,00;1.145,00;45.025,30;0;0;1.145,00;45.025,30;13.441,49;0;13.441,49;29,85%;Tidak Ada
41;2022;Hutan Alam;PT. Sumalindo Lestari Jaya IV;63.550,00;1.434,00;39.254,78;0;0;1.434,00;39.254,78;39.253,37;0;39.253,37;100,00%;Tidak Ada
42;2022;Hutan Alam;PT. Mutiara Kalja Permai;65.875,00;0;0;0;0;0;0;8.750,59;0;8.750,59;0%;Tidak Ada
43;2022;Hutan Alam;PT. Mutiara Kalja Permai Unit I (d.h. Wana Rimba Kencana);75.120,00;2.537,73;61.466,73;0;0;2.537,73;61.466,73;31.570,31;0;31.570,31;51,36%;Tidak Ada
44;2022;Hutan Alam;PT. Triwiraasta Bharata;53.430,00;1.513,00;16.449,53;0;0;1.513,00;16.449,53;860,13;0;860,13;5,23%;Tidak Ada
45;2022;Hutan Alam;PT. Balikpapan Wana Lestari;140.845,00;2.790,62;0;1.911,00;0;4.701,62;0;38.529,20;0;38.529,20;0%;Tidak Ada
46;2022;Hutan Alam;PT. Daya Maju Lestari;54.405,00;0;0;0;0;0;0;0;0;0;0%;Tidak Ada
47;2022;Hutan Alam;PT. Gunung Gajah Abadi;74.980,00;2.440,00;56.399,49;1.018,00;19.541,56;3.458,00;75.941,05;41.141,06;0;41.141,06;54,17%;Tidak Ada
48;2022;Hutan Alam;PT. Oceanias Timber Products;67.030,00;1.583,00;29.309,78;0;0;1.583,00;29.309,78;20.840,39;0;20.840,39;71,10%;Tidak Ada
49;2022;Hutan Alam;PT. Segara Indochem;85.725,00;1.182,00;30.434,59;0;0;1.182,00;30.434,59;18.244,88;0;18.244,88;59,95%;Tidak Ada
50;2022;Hutan Alam;PT. Greaty Sukses Abadi;16.865,00;0;0;0;0;0;0;0;0;0;0,00%;Tidak Ada
51;2022;Hutan Alam;PT. Kiani Lestari;134.950,00;4.078,00;66.430,77;0;0;4.078,00;66.430,77;0;0;0;0,00%;Tidak Ada
52;2022;Hutan Alam;PT. Hutan Orangutan Perlindungan Ekosistem;49.999,00;0;0;0;0;0;0;0;0;0;0,00%;Tidak Ada
53;2022;Hutan Alam;PT. Hutan Orangutan Perlindungan Ekosistem Unit 2;49.910,00;0;0;0;0;0;0;0;0;0;0,00%;Tidak Ada
54;2022;Hutan Alam;PT. Aditya Kirana Makmur;42.700,00;1.028,00;25.875,00;972;12.681,00;2.000,00;38.556,00;6.118,55;0;6.118,55;15,87%;Tidak Ada
55;2022;Hutan Alam;PT. Aquila Silva;55.300,00;1.444,00;32.346,23;0;0;1.444,00;32.346,23;8.850,59;0;8.850,59;27,36%;Tidak Ada
56;2022;Hutan Alam;PT. Ratah Timber;93.425,00;2.030,37;73.508,30;0;0;2.030,37;73.508,30;19.150,54;0;19.150,54;26,05%;Tidak Ada
57;2022;Hutan Alam;PT. ITCI Kartika Utama (ITCIKU);173.395,00;786,17;58.853,57;0;0;786,17;58.853,57;30.881,62;0;30.881,62;52,47%;Tidak Ada
58;2022;Hutan Alam;PT. Timberdana;74.580,00;3.311,00;81.048,41;0;0;3.311,00;81.048,41;38.638,94;0;38.638,94;47,67%;Tidak Ada
59;2022;Hutan Alam;PT. Sumalindo Lestari Jaya II;267.600,00;5.402,98;81.704,46;0;0;5.402,98;81.704,46;0;0;0;0,00%;Tidak Ada
60;2022;Hutan Alam;PT. Rizki Kacida Reana;55.150,00;1.426,00;50.073,20;0;0;1.426,00;50.073,20;0;0;0;0,00%;Tidak Ada
61;2022;Hutan Tanaman;PT. Delonix Agro Prima;19.250,00;0;0;0;0;0;0;0;0;0;0%;Tidak Ada
62;2022;Hutan Tanaman;PT. Belantara Subur;16.475,00;638,59;53.579,46;133,54;6.666,61;772,13;60.246,07;0;33.266,22;33.266,22;55,22%;Tidak Ada
63;2022;Hutan Tanaman;PT. Belantara Pusaka;15.610,00;1.739,00;18.598,26;0;0;1.739,00;18.598,26;107,38;0;107,38;0,58%;Tidak Ada
64;2022;Hutan Tanaman;PT. Belantara Persada;17.150,00;0;0;0;0;0;0;0;0;0;0%;Tidak Ada
65;2022;Hutan Tanaman;PT. Acacia Andalan Utama;38.879,70;2.040,00;195.898,00;1.652,00;117.361,00;3.692,00;313.259,00;0;200.174,47;200.174,47;63,90%;Tidak Ada
66;2022;Hutan Tanaman;PT. Multi Kusuma Cemerlang;18.045,00;0;0;0;0;0;0;0;0;0;0%;Tidak Ada
67;2022;Hutan Tanaman;PT. Acacia Andalan Utama II;21.965,00;0;0;0;0;0;0;0;0;0;0%;Tidak Ada
68;2022;Hutan Tanaman;PT. Cahaya Mitra Wiratama;18.290,00;0;0;0;0;0;0;0;0;0;0%;Tidak Ada
69;2022;Hutan Tanaman;PT. Dharma Hutani Makmur;28.950,00;14.959,00;43.588,72;0;0;14.959,00;43.588,72;36.591,69;0;36.591,69;83,95%;Tidak Ada
70;2022;Hutan Tanaman;PT. ITCI Hutani Manunggal (IKN);42.150,00;0;0;0;0;0;0;0;662.981,45;662.981,45;0%;Tidak Ada
71;2022;Hutan Tanaman;PT. Sumalindo Hutani Jaya I;10.976,40;1.082,00;56.475,00;1.539,00;62.445,00;2.621,00;118.920,00;0;179.599,48;179.599,48;151,03%;Tidak Ada
72;2022;Hutan Tanaman;PT. Tanjung Redeb Hutani;185.840,00;14.961,81;945.398,40;0;0;14.961,81;945.398,40;123.860,69;0;123.860,69;13,10%;Tidak Ada
73;2022;Hutan Tanaman;PT. Sumalindo Hutani Jaya II;54.490,00;2.089,00;208.297,00;0;0;2.089,00;208.297,00;0;0;0;0,00%;Tidak Ada
74;2022;Hutan Tanaman;PT. Wahana Subur Persada;41.735,00;0;0;1.177,00;5.917,00;1.177,00;5.917,00;0;0;0;0,00%;Tidak Ada
75;2022;Hutan Tanaman;PT. Mahakam Persada Sakti;25.410,00;6.000,82;326.465,40;0;0;6.000,82;326.465,40;0;141.924,27;141.924,27;43,47%;Tidak Ada
76;2022;Hutan Tanaman;PT. Silva Rimba Lestari;88.000,00;0;0;0;0;0;0;0;0;0;0%;Tidak Ada
77;2022;Hutan Tanaman;PT. Kelawit Wanalestari II;26.565,00;0;0;0;0;0;0;0;0;0;0%;Tidak Ada
78;2022;Hutan Tanaman;PT. Swadaya Perkasa;17.925,00;2.057,00;51.069,47;0;0;2.057,00;51.069,47;5.445,53;0;5.445,53;10,66%;Tidak Ada
79;2022;Hutan Tanaman;PT. Indosubur Sukses Makmur;28.655,00;2.269,00;74.357,81;3.876,59;46.662,26;6.145,59;121.020,07;26.575,10;0;26.575,10;21,96%;Tidak Ada
80;2022;Hutan Tanaman;PT. Taman Daulat Wananusa;13.400,00;1.289,00;45.054,00;0;0;1.289,00;45.054,00;0;0;0;0,00%;Tidak Ada
81;2022;Hutan Tanaman;PT. Kelawit Hutani Lestari;9.755,00;0;0;360;53.801,00;360;53.801,00;0;0;0;0,00%;Tidak Ada
82;2022;Hutan Tanaman;PT. Fajar Surya Swadaya;56.211,75;9.202,00;626.376,80;1.299,90;119.535,00;10.501,90;745.911,80;0;110.897,03;110.897,03;14,87%;Tidak Ada
83;2022;Hutan Tanaman;PT. Sylvaduta Corporation;42.635,00;11;31,95;0;0;11;31,95;0;0;0;0,00%;Tidak Ada
84;2022;Hutan Tanaman;PT. Diva Perdana Pesona;29.485,00;79;0;400;0;479;0;0;0;0;0,00%;Tidak Ada
85;2022;Hutan Tanaman;PT. Hutan Berau Lestari;12.002,00;1.915,00;44.211,65;0;0;1.915,00;44.211,65;6.072,57;0;6.072,57;13,74%;Tidak Ada
86;2022;Hutan Tanaman;PT. Hanujaya Hutanindo;13.900,00;2.368,90;15.050,52;0;0;2.368,90;15.050,52;2.513,63;0;2.513,63;16,70%;Tidak Ada
87;2022;Hutan Tanaman;PT. Silva Selaras Utama;35.640,00;2.064,59;128.554,68;0;0;2.064,59;128.554,68;338,12;0;338,12;0,26%;Tidak Ada
88;2022;Hutan Tanaman;PT. Hutan Mahligai;11.275,00;1.836,00;83.184,94;0;0;1.836,00;83.184,94;0;0;0;0,00%;Tidak Ada
89;2022;Hutan Tanaman;PT. Bhinneka Wana;9.945,00;0;0;808,5;182.818,41;808,5;182.818,41;0;504;504;0,28%;Tidak Ada
90;2022;Hutan Tanaman;PT. Wana Kaltim Lestari;15.825,21;1.321,00;21.179,16;0;0;1.321,00;21.179,16;8.373,46;0;8.373,46;39,54%;Tidak Ada
91;2022;Hutan Tanaman;PT. ITCI Hutani Manunggal;114.830,00;9.437,00;875.278,00;0;0;9.437,00;875.278,00;0;480.744,38;480.744,38;54,92%;Tidak Ada
92;2022;Hutan Tanaman;PT. Rimba Raya Lestari;17.330,00;876;31.798,48;1.565,00;69.062,78;2.441,00;100.861,26;315,87;0;315,87;0,31%;Tidak Ada
93;2022;Hutan Tanaman;PT. Sendawar Adhi Karya;25.400,00;19.077,60;1.701.968,62;0;0;19.077,60;1.701.968,62;17.864,76;0;17.864,76;1,05%;Tidak Ada
94;2022;Hutan Tanaman;PT. Permata Borneo Abadi;49.000,00;7.425,00;29.395,35;0;0;7.425,00;29.395,35;2.895,08;0;2.895,08;9,85%;Tidak Ada
95;2022;Hutan Tanaman;PT. Santan Borneo Abadi;32.825,00;4.586,10;0;1.219,28;0;5.805,38;0;0;253.466,38;253.466,38;0%;Tidak Ada
96;2022;Hutan Tanaman;PT. Oceanias Timber Products;16.600,00;0;0;0;0;0;0;0;0;0;0%;Tidak Ada
97;2022;Hutan Tanaman;PT. Puji Sempurna Raharja;8.100,00;0;0;0;0;0;0;0;0;0;0%;Tidak Ada
98;2022;Hutan Tanaman;PT. Borneo Kutai Lestari;13.240,00;0;0;2.745,34;35.345,44;2.745,34;35.345,44;0;0;0;0,00%;Tidak Ada
99;2022;Hutan Tanaman;PT. Inhutani I Unit Long Nah;48.215,00;4.035,00;6.200,78;902,86;116,59;4.937,86;6.317,37;1.572,98;0;1.572,98;24,90%;Tidak Ada
100;2022;Hutan Tanaman;PT. Mitra Mulia Mahakam;10.350,00;1.307,13;13.290,84;0;0;1.307,13;13.290,84;4.114,28;0;4.114,28;30,96%;Tidak Ada
101;2022;Hutan Tanaman;PT. Inhutani I (Unit Tanah Grogot);15.336,00;561;57.640,00;653;65.300,00;1.214,00;122.940,00;0;1.015,04;1.015,04;0,83%;Tidak Ada
102;2022;Hutan Tanaman;PT. Bakayan Jaya Abadi;9.055,00;912,5;46.815,09;0;0;912,5;46.815,09;25.550,69;0;25.550,69;54,58%;Tidak Ada
103;2022;Hutan Tanaman;PT. Sumalindo Alam Lestari Unit I;32.550,00;0;0;0;0;0;0;0;0;0;0%;Tidak Ada
104;2022;Hutan Tanaman;PT. Sumalindo Alam Lestari Unit II;24.500,00;403,15;24.190,34;168,27;4.779,22;571,42;28.969,56;0;6.272,00;6.272,00;21,65%;Tidak Ada
105;2022;Hutan Tanaman;PT. Permata Hijau Khatulistiwa;25.465,00;2.752,30;0;0;0;2.752,30;0;0;26.651,71;26.651,71;0%;Tidak Ada
106;2022;Hutan Tanaman;PT. Hutan Kusuma;14.235,00;0;0;0;0;0;0;0;0;0;0%;Tidak Ada
107;2022;Hutan Tanaman;PT. Surya Hutani Jaya;183.300,00;21.007,00;1.888.688,00;0;0;21.007,00;1.888.688,00;0;1.108.589,91;1.108.589,91;58,70%;Tidak Ada
108;2022;Hutan Tanaman;PT. Jaya Bumi Paser;23.590,00;5.001,00;51.324,00;0;0;5.001,00;51.324,00;7.884,07;0;7.884,07;15,36%;Tidak Ada
109;2022;Hutan Tanaman;PT. Akandra Hijau Lestari;17.835,00;0;0;0;0;0;0;0;0;0;0%;Tidak Ada
110;2022;Hutan Tanaman;PT. Inhutani I Unit Batu Ampar - Mentawir;16.521,00;514;850,78;3.468,79;5.424,80;3.982,79;6.275,58;0;0;0;0,00%;Tidak Ada
111;2022;Hutan Tanaman;PT. Kelawit Wanalestari I;17.850,00;201;16.608,00;0;0;201;16.608,00;0;0;0;0,00%;Tidak Ada
112;2023;Hutan Alam;Koperasi. Pondok Pesantren Darussalam;20.159,00;0;0;0;0;0;0;0;0;0;0%;Tidak Ada
113;2023;Hutan Alam;PT. Karya Wijaya Sukses;17.885,00;0;0;0;0;0;0;0;0;0;0%;Tidak Ada
114;2023;Hutan Alam;PT. Nadila Indodaya;32.970,00;889,08;12.131,96;0;0;889,08;12.131,96;8.787,47;0;8.787,47;72,43%;Tidak Ada
115;2023;Hutan Alam;PT. Borneo Karya Indah Mandiri;47.395,00;1.357,00;17.429,59;0;0;1.357,00;17.429,59;11.067,31;0;11.067,31;63,50%;Tidak Ada
116;2023;Hutan Alam;PT. Wangsa Karya Lestari;38.880,00;0;0;0;0;0;0;0;0;0;0%;Tidak Ada
117;2023;Hutan Alam;PT. Greaty Sukses Abadi Unit Sungai Telakai;34.865,00;962;18.748,67;0;0;962;18.748,67;14.602,48;0;14.602,48;77,89%;Tidak Ada
118;2023;Hutan Alam;PT. Hanurata (Kalimantan Timur);86.440,00;2.000,00;22.672,84;0;0;2.000,00;22.672,84;11.852,67;0;11.852,67;52,28%;Tidak Ada
119;2023;Hutan Alam;PT. Kreasi Prima Lestari;41.475,00;0;0;0;0;0;0;0;0;0;0%;Tidak Ada
120;2023;Hutan Alam;PT. Inhutani I Unit Meraang;70.700,00;2.457,48;41.320,08;635,7;14.202,63;3.093,18;55.522,71;51.305,93;0;51.305,93;92,41%;Tidak Ada
121;2023;Hutan Alam;PT. Inhutani I Unit Labanan;138.210,00;3.069,00;86.129,70;991;22.273,32;4.060,00;108.403,02;42.695,66;0;42.695,66;39,39%;Tidak Ada
122;2023;Hutan Alam;PT. Karya Lestari;49.123,00;1.193,00;27.260,61;359;7.519,43;1.552,00;34.780,04;21.616,38;0;21.616,38;62,15%;Tidak Ada
123;2023;Hutan Alam;PT. Utama Damai Indah Timber;49.250,00;1.139,00;18.869,80;240;5.882,55;1.379,00;24.752,35;18.766,76;0;18.766,76;75,82%;Tidak Ada
124;2023;Hutan Alam;PT. Kedungmadu Tropical Wood;50.400,00;1.746,00;17.097,63;0;0;1.746,00;17.097,63;25.422,81;0;25.422,81;148,69%;Tidak Ada
125;2023;Hutan Alam;PT. Inhutani I Unit Sambarata;106.020,00;2.971,00;99.287,21;300;12.212,69;3.271,00;111.499,90;84.809,66;0;84.809,66;76,06%;Tidak Ada
126;2023;Hutan Alam;KUD. Beringin Mulya;23.635,00;0;0;0;0;0;0;0;0;0;0%;Tidak Ada
127;2023;Hutan Alam;PT. Amindo Wana Persada;43.680,00;1.267,94;42.927,52;112,37;4.627,27;1.380,31;47.554,79;0;0;0;0,00%;Tidak Ada
128;2023;Hutan Alam;CV. Pari Jaya Makmur;12.070,00;0;0;0;0;0;0;0;0;0;0%;Tidak Ada
129;2023;Hutan Alam;PT. Mardhika Insan Mulia;46.080,00;1.152,00;28.000,00;581;20.171,46;1.733,00;48.171,46;3.448,26;0;3.448,26;7,16%;Tidak Ada
130;2023;Hutan Alam;PT. Telaga Mas Kalimantan;82.805,00;0;0;0;0;0;0;0;0;0;0%;Tidak Ada
131;2023;Hutan Alam;PT. Belayan River Timber;97.500,00;2.258,16;26.528,04;144,29;0;2.402,45;26.528,04;22.364,35;0;22.364,35;84,30%;Tidak Ada
132;2023;Hutan Alam;PT. Widya Artha Perdana;14.800,00;418;16.186,00;0;0;418;16.186,00;0;0;0;0,00%;Tidak Ada
133;2023;Hutan Alam;PT. Barito Nusantara Indah;94.685,00;1.269,00;25.032,89;0;0;1.269,00;25.032,89;0;0;0;0,00%;Tidak Ada
134;2023;Hutan Alam;PT. Daisy Timber;30.170,00;1.120,00;32.697,26;863;12.437,10;1.983,00;45.134,36;2.699,08;0;2.699,08;5,98%;Tidak Ada
135;2023;Hutan Alam;PT. Wana Bakti Persada Utama;44.402,00;1.291,00;29.509,70;1.166,00;27.157,94;2.457,00;56.667,64;1.074,65;0;1.074,65;1,90%;Tidak Ada
136;2023;Hutan Alam;PT. Intertropic Aditama;46.230,00;1.618,90;20.257,64;0;0;1.618,90;20.257,64;9.752,96;0;9.752,96;48,14%;Tidak Ada
137;2023;Hutan Alam;PT. Rimba Karya Rayatama;39.800,00;880;30.933,26;0;0;880;30.933,26;258,63;0;258,63;0,84%;Tidak Ada
138;2023;Hutan Alam;PT. Trimurti Madina Mulia;30.810,00;0;0;0;0;0;0;0;0;0;0%;Tidak Ada
139;2023;Hutan Alam;PT. Mardhika Insan Mulia Tabalar;25.630,00;620,16;17.000,00;391,15;11.682,78;1.011,31;28.682,78;5.758,12;0;5.758,12;20,08%;Tidak Ada
140;2023;Hutan Alam;PT. Kemakmuran Berkah Timber;82.194,45;2.421,53;21.866,95;786;15.705,72;3.207,53;37.572,67;852,15;0;852,15;2,27%;Tidak Ada
141;2023;Hutan Alam;PT. Roda Mas Timber Kalimantan;70.324,64;1.811,00;29.597,99;0;0;1.811,00;29.597,99;5.144,86;0;5.144,86;17,38%;Tidak Ada
142;2023;Hutan Alam;PT. Harapan Kaltim Lestari;44.515,00;1.151,00;32.661,63;0;0;1.151,00;32.661,63;523,28;0;523,28;1,60%;Tidak Ada
143;2023;Hutan Alam;PT. Sumalindo Lestari Jaya V;59.860,00;299,8;6.005,68;0;0;299,8;6.005,68;0;0;0;0,00%;Tidak Ada
144;2023;Hutan Alam;PT. Kedap Sayaag;14.370,00;674;34.248,85;707;33.673,73;1.381,00;67.922,58;16.211,94;0;16.211,94;23,87%;Tidak Ada
145;2023;Hutan Alam;PT. Puji Sempurna Raharja;14.605,00;568;30.489,01;0;0;568;30.489,01;27.518,25;0;27.518,25;90,26%;Tidak Ada
146;2023;Hutan Alam;PT. Mahakarya Perdana Gemilang Unit II;12.890,00;439;8.005,00;0;0;439;8.005,00;0;0;0;0,00%;Tidak Ada
147;2023;Hutan Alam;PT. Mahakarya Perdana Gemilang Unit I;22.305,00;835;10.001,00;0;0;835;10.001,00;0;0;0;0,00%;Tidak Ada
148;2023;Hutan Alam;PT. Narkata Rimba;65.925,00;1.231,08;7.490,30;0;174,34;1.231,08;7.664,64;6.150,22;0;6.150,22;80,24%;Tidak Ada
149;2023;Hutan Alam;PT. Panambangan;43.240,00;4.392,00;28.484,28;0;0;4.392,00;28.484,28;4.179,26;0;4.179,26;14,67%;Tidak Ada
150;2023;Hutan Alam;PT. Restorasi Habitat Orangutan Indonesia;86.450,00;0;0;0;0;0;0;0;0;0;0%;Tidak Ada
151;2023;Hutan Alam;PT. Seroja Universum Narwastu;36.500,00;0;0;0;0;0;0;13.441,49;0;13.441,49;0%;Tidak Ada
152;2023;Hutan Alam;PT. Sumalindo Lestari Jaya IV;63.550,00;2.165,04;118.295,74;0;0;2.165,04;118.295,74;43.688,59;0;43.688,59;36,93%;Tidak Ada
153;2023;Hutan Alam;PT. Mutiara Kalja Permai;65.875,00;0;0;0;0;0;0;8.750,59;0;8.750,59;0%;Tidak Ada
154;2023;Hutan Alam;PT. Mutiara Kalja Permai Unit I (d.h. Wana Rimba Kencana);75.120,00;0;0;0;0;0;0;31.570,31;0;31.570,31;0%;Tidak Ada
155;2023;Hutan Alam;PT. Triwiraasta Bharata;53.430,00;2.649,00;25.828,00;3.058,00;23.475,00;5.707,00;49.303,00;1.070,20;0;1.070,20;2,17%;Tidak Ada
156;2023;Hutan Alam;PT. Balikpapan Wana Lestari;140.845,00;3.105,00;46.661,81;2.406,78;37.964,18;5.511,78;84.625,99;100,71;0;100,71;0,12%;Tidak Ada
157;2023;Hutan Alam;PT. Daya Maju Lestari;54.405,00;2.164,61;240.364,52;0;0;2.164,61;240.364,52;0;0;0;0,00%;Tidak Ada
158;2023;Hutan Alam;PT. Gunung Gajah Abadi;74.980,00;2.366,00;60.130,83;0;0;2.366,00;60.130,83;41.170,81;0;41.170,81;68,47%;Tidak Ada
159;2023;Hutan Alam;PT. Oceanias Timber Products;67.030,00;1.560,51;21.393,20;0;0;1.560,51;21.393,20;7.367,84;0;7.367,84;34,44%;Tidak Ada
160;2023;Hutan Alam;PT. Segara Indochem;85.725,00;1.091,00;13.425,72;0;0;1.091,00;13.425,72;18.244,88;0;18.244,88;135,89%;Tidak Ada
161;2023;Hutan Alam;PT. Greaty Sukses Abadi;16.865,00;198;10.002,32;0;0;198;10.002,32;0;0;0;0,00%;Tidak Ada
162;2023;Hutan Alam;PT. Kiani Lestari;134.950,00;4.382,45;36.857,35;0;0;4.382,45;36.857,35;5.400,00;0;5.400,00;14,65%;Tidak Ada
163;2023;Hutan Alam;PT. Hutan Orangutan Perlindungan Ekosistem;49.999,00;0;0;0;0;0;0;0;0;0;0%;Tidak Ada
164;2023;Hutan Alam;PT. Hutan Orangutan Perlindungan Ekosistem Unit 2;49.910,00;0;0;0;0;0;0;0;0;0;0%;Tidak Ada
165;2023;Hutan Alam;PT. Aditya Kirana Makmur;42.700,00;899;29.433,33;0;0;899;29.433,33;7.024,60;0;7.024,60;23,87%;Tidak Ada
166;2023;Hutan Alam;PT. Aquila Silva;55.300,00;540;7.150,29;0;0;540;7.150,29;9.235,64;0;9.235,64;129,16%;Tidak Ada
167;2023;Hutan Alam;PT. Ratah Timber;93.425,00;774,98;29.449,39;48.037,00;23.769,43;48.811,98;53.218,82;23.790,33;0;23.790,33;44,70%;Tidak Ada
168;2023;Hutan Alam;PT. ITCI Kartika Utama (ITCIKU);173.395,00;774,77;29.580,30;0;0;774,77;29.580,30;286,37;0;286,37;0,97%;Tidak Ada
169;2023;Hutan Alam;PT. Timberdana;74.580,00;2.417,00;40.200,00;1.798,00;37.820,91;4.215,00;78.020,91;38.638,94;0;38.638,94;49,52%;Tidak Ada
170;2023;Hutan Alam;PT. Sumalindo Lestari Jaya II;267.600,00;0;0;0;0;0;0;0;0;0;0%;Tidak Ada
171;2023;Hutan Alam;PT. Rizki Kacida Reana;55.150,00;1.374,00;39.528,98;500;17.211,84;1.874,00;56.740,82;5.935,60;0;5.935,60;10,46%;Tidak Ada
172;2023;Hutan Tanaman;PT. Delonix Agro Prima;19.250,00;0;0;0;0;0;0;0;0;0;0%;Tidak Ada
173;2023;Hutan Tanaman;PT. Belantara Subur;16.475,00;726,44;80.394,93;205,97;8.022,56;932,41;88.417,49;0;20.419,73;20.419,73;23,09%;Tidak Ada
174;2023;Hutan Tanaman;PT. Belantara Pusaka;15.610,00;2.026,00;16.029,31;1.739,00;18.490,88;3.765,00;34.520,19;0;0;0;0,00%;Tidak Ada
175;2023;Hutan Tanaman;PT. Belantara Persada;17.150,00;290,8;3.050,71;0;0;290,8;3.050,71;0;0;0;0,00%;Tidak Ada
176;2023;Hutan Tanaman;PT. Acacia Andalan Utama;38.879,70;2.719,00;228.365,00;2.568,00;192.225,00;5.287,00;420.590,00;0;294.406,83;294.406,83;70,00%;Tidak Ada
177;2023;Hutan Tanaman;PT. Multi Kusuma Cemerlang;18.045,00;2.224,00;4.530,69;0;0;2.224,00;4.530,69;0;0;0;0,00%;Tidak Ada
178;2023;Hutan Tanaman;PT. Acacia Andalan Utama II;21.965,00;0;0;0;0;0;0;0;0;0;0%;Tidak Ada
179;2023;Hutan Tanaman;PT. Cahaya Mitra Wiratama;18.290,00;0;0;0;0;0;0;0;0;0;0%;Tidak Ada
180;2023;Hutan Tanaman;PT. Dharma Hutani Makmur;28.950,00;6.969,60;6.719,98;0;0;6.969,60;6.719,98;4.519,57;0;4.519,57;67,26%;Tidak Ada
181;2023;Hutan Tanaman;PT. ITCI Hutani Manunggal (IKN);42.150,00;0;0;0;0;0;0;0;620.799,27;620.799,27;0%;Tidak Ada
182;2023;Hutan Tanaman;PT. Sumalindo Hutani Jaya I;10.976,40;0;0;2.621,00;118.919,00;2.621,00;118.919,00;0;190.340,84;190.340,84;160,06%;Tidak Ada
183;2023;Hutan Tanaman;PT. Tanjung Redeb Hutani;185.840,00;8.353,42;500.404,27;0;0;8.353,42;500.404,27;79.077,68;52.665,67;131.743,35;26,33%;Tidak Ada
184;2023;Hutan Tanaman;PT. Sumalindo Hutani Jaya II;54.490,00;1.553,00;146.034,00;1.545,00;136.754,00;3.098,00;282.788,00;0;0;0;0,00%;Tidak Ada
185;2023;Hutan Tanaman;PT. Wahana Subur Persada;41.735,00;20;583;0;0;20;583;0;0;0;0,00%;Tidak Ada
186;2023;Hutan Tanaman;PT. Mahakam Persada Sakti;25.410,00;4.699,20;244.555,00;2.027,10;59.499,16;6.726,30;304.054,16;0;243.413,40;243.413,40;80,06%;Tidak Ada
187;2023;Hutan Tanaman;PT. Silva Rimba Lestari;88.000,00;3.426,00;317.300,00;696;80.068,00;4.122,00;397.368,00;0;0;0;0,00%;Tidak Ada
188;2023;Hutan Tanaman;PT. Kelawit Wanalestari II;26.565,00;0;0;0;0;0;0;0;0;0;0%;Tidak Ada
189;2023;Hutan Tanaman;PT. Swadaya Perkasa;17.925,00;2.075,00;27.965,76;2.057,00;45.623,94;4.132,00;73.589,70;4.329,28;0;4.329,28;5,88%;Tidak Ada
190;2023;Hutan Tanaman;PT. Indosubur Sukses Makmur;28.655,00;1.914,00;35.042,91;2.269,00;58.084,84;4.183,00;93.127,75;29.040,98;0;29.040,98;31,18%;Tidak Ada
191;2023;Hutan Tanaman;PT. Taman Daulat Wananusa;13.400,00;904;32.985,00;839;45.054,00;1.743,00;78.039,00;0;0;0;0,00%;Tidak Ada
192;2023;Hutan Tanaman;PT. Kelawit Hutani Lestari;9.755,00;0;0;360;53.752,00;360;53.752,00;0;0;0;0,00%;Tidak Ada
193;2023;Hutan Tanaman;PT. Fajar Surya Swadaya;56.211,75;9.494,00;658.387,00;7.230,00;522.698,00;16.724,00;1.181.085,00;0;0;0;0,00%;Tidak Ada
194;2023;Hutan Tanaman;PT. Sylvaduta Corporation;42.635,00;30;0;0;0;30;0;0;0;0;0%;Tidak Ada
195;2023;Hutan Tanaman;PT. Diva Perdana Pesona;29.485,00;295;2.793,65;79;748,13;374;3.541,78;0;0;0;0,00%;Tidak Ada
196;2023;Hutan Tanaman;PT. Hutan Berau Lestari;12.002,00;1.960,60;31.284,52;2.075,54;44.438,50;4.036,14;75.723,02;27.993,06;0;27.993,06;36,97%;Tidak Ada
197;2023;Hutan Tanaman;PT. Hanujaya Hutanindo;13.900,00;2.270,36;5.997,20;860,07;12.536,86;3.130,43;18.534,06;9.033,80;0;9.033,80;48,74%;Tidak Ada
198;2023;Hutan Tanaman;PT. Silva Selaras Utama;35.640,00;4.501,96;54.388,29;8.550,23;231.807,02;13.052,19;286.195,31;11.959,92;0;11.959,92;4,18%;Tidak Ada
199;2023;Hutan Tanaman;PT. Hutan Mahligai;11.275,00;1.836,00;83.184,94;1.419,00;40.137,00;3.255,00;123.321,94;0;450,08;450,08;0,36%;Tidak Ada
200;2023;Hutan Tanaman;PT. Bhinneka Wana;9.945,00;0;0;788,89;181.814,41;788,89;181.814,41;0;9.236,77;9.236,77;5,08%;Tidak Ada
201;2023;Hutan Tanaman;PT. Wana Kaltim Lestari;15.825,21;364,11;2.669,67;0;0;364,11;2.669,67;8.373,46;0;8.373,46;313,65%;Tidak Ada
202;2023;Hutan Tanaman;PT. ITCI Hutani Manunggal;114.830,00;7.437,00;720.322,00;4.056,00;244.613,00;11.493,00;964.935,00;0;783.956,65;783.956,65;81,24%;Tidak Ada
203;2023;Hutan Tanaman;PT. Rimba Raya Lestari;17.330,00;1.494,00;39.906,83;0;0;1.494,00;39.906,83;0;0;0;0,00%;Tidak Ada
204;2023;Hutan Tanaman;PT. Sendawar Adhi Karya;25.400,00;4.336,35;422.081,49;11.597,59;539.388,94;15.933,94;961.470,43;32.579,60;0;32.579,60;3,39%;Tidak Ada
205;2023;Hutan Tanaman;PT. Permata Borneo Abadi;49.000,00;4.416,23;122.560,39;5.680,24;22.487,90;10.096,47;145.048,29;2.895,08;0;2.895,08;2,00%;Tidak Ada
206;2023;Hutan Tanaman;PT. Santan Borneo Abadi;32.825,00;5.354,90;277.576,00;2.604,80;85.920,00;7.959,70;363.496,00;0;150.672,25;150.672,25;41,45%;Tidak Ada
207;2023;Hutan Tanaman;PT. Oceanias Timber Products;16.600,00;646;1.662,83;290,55;999,52;999,52;2.662,35;7.367,84;0;7.367,84;276,74%;Tidak Ada
208;2023;Hutan Tanaman;PT. Puji Sempurna Raharja;8.100,00;1.459,00;40.319,20;0;0;1.459,00;40.319,20;28.947,33;0;28.947,33;71,80%;Tidak Ada
209;2023;Hutan Tanaman;PT. Borneo Kutai Lestari;13.240,00;250;28.124,00;0;0;250;28.124,00;0;0;0;0,00%;Tidak Ada
210;2023;Hutan Tanaman;PT. Inhutani I Unit Long Nah;48.215,00;249,2;1.277,99;0;0;249,2;1.277,99;1.572,98;0;1.572,98;123,08%;Tidak Ada
211;2023;Hutan Tanaman;PT. Mitra Mulia Mahakam;10.350,00;0;0;0;0;0;0;2.031,21;0;2.031,21;0%;Tidak Ada
212;2023;Hutan Tanaman;PT. Inhutani I (Unit Tanah Grogot);15.336,00;589;57.326,85;1.207,48;122.230,08;1.796,48;179.556,93;0;14.236,00;14.236,00;7,93%;Tidak Ada
213;2023;Hutan Tanaman;PT. Bakayan Jaya Abadi;9.055,00;2.632,60;195.495,00;623,8;28.567,11;3.256,40;224.062,11;0;121.519,47;121.519,47;54,23%;Tidak Ada
214;2023;Hutan Tanaman;PT. Sumalindo Alam Lestari Unit I;32.550,00;2.200,00;86.028,63;0;0;2.200,00;86.028,63;0;3.502,80;3.502,80;4,07%;Tidak Ada
215;2023;Hutan Tanaman;PT. Sumalindo Alam Lestari Unit II;24.500,00;191,12;9.125,00;0;0;191,12;9.125,00;0;0;0;0,00%;Tidak Ada
216;2023;Hutan Tanaman;PT. Permata Hijau Khatulistiwa;25.465,00;3.999,70;403.532,40;1.209,90;43.005,12;5.209,60;446.537,52;0;461.424,12;461.424,12;103,33%;Tidak Ada
217;2023;Hutan Tanaman;PT. Hutan Kusuma;14.235,00;0;0;0;0;0;0;0;0;0;0%;Tidak Ada
218;2023;Hutan Tanaman;PT. Surya Hutani Jaya;183.300,00;17.272,00;1.535.155,00;10.436,00;816.131,00;27.708,00;2.351.286,00;0;1.541.852,92;1.541.852,92;65,57%;Tidak Ada
219;2023;Hutan Tanaman;PT. Jaya Bumi Paser;23.590,00;4.933,00;6.500,00;2.372,00;2.300,00;7.305,00;8.800,00;5.773,28;0;5.773,28;65,61%;Tidak Ada
220;2023;Hutan Tanaman;PT. Akandra Hijau Lestari;17.835,00;0;0;0;0;0;0;0;0;0;0%;Tidak Ada
221;2023;Hutan Tanaman;PT. Inhutani I Unit Batu Ampar - Mentawir;16.521,00;0;0;0;0;0;0;0;167,14;167,14;0%;Tidak Ada
222;2023;Hutan Tanaman;PT. Kelawit Wanalestari I;17.850,00;0;0;2.045,00;212.929,00;2.045,00;212.929,00;0;15.712,06;15.712,06;7,38%;Tidak Ada
223;2024;Hutan Alam;PT. Delonix Agro Prima;19.250,00;0;0;0;0;0;0;0;0;0;0%;Tidak Memiliki RKT
224;2024;Hutan Alam;PT. Belantara Subur;16.475,00;234,18;10.946,59;444,72;49.231,07;678,9;60.177,66;0;33.266,22;33.266,22;55,28%;Tidak Ada
225;2024;Hutan Alam;PT. Belantara Pusaka;15.610,00;2.127,00;22.422,50;2.026,00;16.029,31;4.153,00;38.451,81;68,88;0;68,88;0,18%;Tidak Ada
226;2024;Hutan Alam;PT. Belantara Persada;17.150,00;575;26.637,39;290,8;14.001,96;865,8;40.639,35;0;0;0;0,00%;Tidak Ada
227;2024;Hutan Alam;PT. Acacia Andalan Utama;38.879,70;2.066,18;227.622,12;3.262,25;265.541,31;5.328,43;493.163,43;0;343.991,31;343.991,31;69,75%;Tidak Ada
228;2024;Hutan Alam;PT. Multi Kusuma Cemerlang;18.045,00;0;0;0;0;0;0;0;0;0;0%;Tidak Memiliki RKT
229;2024;Hutan Alam;PT. Acacia Andalan Utama II;21.965,00;0;0;0;0;0;0;0;0;0;0%;Tidak Memiliki RKT
230;2024;Hutan Alam;PT. Cahaya Mitra Wiratama;18.290,00;0;0;0;0;0;0;0;0;0;0%;Tidak Memiliki RKT
231;2024;Hutan Alam;PT. Dharma Hutani Makmur;28.950,00;0;0;0;0;0;0;0;0;0;0%;Tidak Memiliki RKT
232;2024;Hutan Alam;PT. ITCI Hutani Manunggal (IKN);42.150,00;0;0;0;0;0;0;0;812.766,89;812.766,89;0%;Tidak Ada
233;2024;Hutan Alam;PT. Sumalindo Hutani Jaya I;10.976,40;385,49;28.520,78;394;23.713,53;779,49;52.234,31;0;132.196,65;132.196,65;253,08%;Tidak Ada
234;2024;Hutan Alam;PT. Tanjung Redeb Hutani;185.840,00;6.032,43;325.002,00;1.719,62;168.848,92;7.752,05;493.850,92;72.720,07;192.280,97;265.001,04;53,66%;Tidak Ada
235;2024;Hutan Alam;PT. Sumalindo Hutani Jaya II;54.490,00;1.497,13;126.054,51;2.063,54;157.663,31;3.560,67;283.717,82;0;0;0;0,00%;Tidak Ada
236;2024;Hutan Alam;PT. Wahana Subur Persada;41.735,00;5.735,00;55.918,89;0;0;5.735,00;55.918,89;0;0;0;0,00%;Tidak Ada
237;2024;Hutan Alam;PT. Mahakam Persada Sakti;25.410,00;2.140,32;137.059,00;0;0;2.140,32;137.059,00;0;150.779,81;150.779,81;110,01%;Tidak Ada
238;2024;Hutan Alam;PT. Silva Rimba Lestari;88.000,00;3.423,78;32.658,11;0;0;3.423,78;32.658,11;0;2.596,57;2.596,57;7,95%;Tidak Ada
239;2024;Hutan Alam;PT. Kelawit Wanalestari II;26.565,00;26,56;79,67;0;0;26,56;79,67;0;0;0;0,00%;Tidak Ada
240;2024;Hutan Alam;PT. Swadaya Perkasa;17.925,00;1.797,00;46.178,58;1.740,00;26.979,66;3.537,00;73.158,24;9.603,70;0;9.603,70;13,13%;Tidak Ada
241;2024;Hutan Alam;PT. Indosubur Sukses Makmur;28.655,00;5.186,00;101.966,62;1.914,00;26.400,54;7.100,00;128.367,16;34.981,04;0;34.981,04;27,25%;Tidak Ada
242;2024;Hutan Alam;PT. Taman Daulat Wananusa;13.400,00;0;0;0;0;0;0;0;0;0;0%;Tidak Memiliki RKT
243;2024;Hutan Alam;PT. Kelawit Hutani Lestari;9.755,00;0;0;425,84;61.687,77;425,84;61.687,77;0;0;0;0,00%;Tidak Ada
244;2024;Hutan Alam;PT. Fajar Surya Swadaya;56.211,75;4.122,53;164.103,19;482,3;20.873,09;4.604,83;184.976,28;0;110.897,03;110.897,03;59,95%;Tidak Ada
245;2024;Hutan Alam;PT. Sylvaduta Corporation;42.635,00;6.791,60;4.288,04;0;0;6.791,60;4.288,04;2.502,08;0;2.502,08;58,35%;Tidak Ada
246;2024;Hutan Alam;PT. Diva Perdana Pesona;29.485,00;2.443,97;42.882,95;0;0;2.443,97;42.882,95;0;0;0;0,00%;Tidak Ada
247;2024;Hutan Alam;PT. Hutan Berau Lestari;12.002,00;1.330,60;32.024,31;1.737,90;25.767,63;3.068,50;57.791,94;37.026,00;0;37.026,00;64,07%;Tidak Ada
248;2024;Hutan Alam;PT. Hanujaya Hutanindo;13.900,00;1.493,46;5.610,13;2.242,98;5.922,68;3.736,44;11.532,81;2.724,08;0;2.724,08;23,62%;Tidak Ada
249;2024;Hutan Alam;PT. Silva Selaras Utama;35.640,00;4.856,93;106.825,43;5.778,00;83.549,39;10.634,93;190.374,82;14.134,85;0;14.134,85;7,42%;Tidak Ada
250;2024;Hutan Alam;PT. Hutan Mahligai;11.275,00;1.939,00;20.076,68;0;0;1.939,00;20.076,68;0;0;0;0,00%;Tidak Ada
251;2024;Hutan Alam;PT. Bhinneka Wana;9.945,00;0;0;351,93;36.000,00;351,93;36.000,00;0;8.059,14;8.059,14;22,39%;Tidak Ada
252;2024;Hutan Alam;PT. Wana Kaltim Lestari;15.825,21;1.125,51;6.596,95;284,43;2.178,88;1.409,94;8.775,83;8.373,46;0;8.373,46;95,42%;Tidak Ada
253;2024;Hutan Alam;PT. ITCI Hutani Manunggal;114.830,00;9.639,06;1.045.919,53;1.081,94;146.143,82;10.721,00;1.192.063,35;0;683.850,77;683.850,77;57,37%;Tidak Ada
254;2024;Hutan Alam;PT. Rimba Raya Lestari;17.330,00;0;0;0;0;0;0;0;0;0;0%;Tidak Memiliki RKT
255;2024;Hutan Alam;PT. Sendawar Adhi Karya;25.400,00;2.728,22;164.122,07;3.027,13;330.339,19;5.755,35;494.461,26;209.220,91;36.576,24;245.797,15;49,71%;Tidak Ada
256;2024;Hutan Alam;PT. Permata Borneo Abadi;49.000,00;4.300,97;429.568,00;0;0;4.300,97;429.568,00;0;319.515,26;319.515,26;74,38%;Tidak Ada
257;2024;Hutan Alam;PT. Santan Borneo Abadi;32.825,00;1.236,21;80.122,00;994,38;53.371,00;2.230,59;133.493,00;0;59.723,50;59.723,50;44,74%;Tidak Ada
258;2024;Hutan Alam;PT. Oceanias Timber Products;16.600,00;2.514,78;5.889,05;0;0;2.514,78;5.889,05;1.394,81;0;1.394,81;23,68%;Tidak Ada
259;2024;Hutan Alam;PT. Puji Sempurna Raharja;8.100,00;882;5.789,74;1.459,00;40.319,19;2.341,00;46.108,93;2.252,24;0;2.252,24;4,88%;Tidak Ada
260;2024;Hutan Alam;PT. Borneo Kutai Lestari;13.240,00;2.542,10;48.500,15;0;0;2.542,10;48.500,15;0;0;0;0,00%;Tidak Ada
261;2024;Hutan Alam;PT. Inhutani I Unit Long Nah;48.215,00;5.769,73;299.731,00;0;0;5.769,73;299.731,00;0;187.734,09;187.734,09;62,63%;Tidak Ada
262;2024;Hutan Alam;PT. Mitra Mulia Mahakam;10.350,00;1.322,29;12.453,33;200;3.150,88;1.522,29;15.604,21;877,61;0;877,61;5,62%;Tidak Ada
263;2024;Hutan Alam;PT. Inhutani I (Unit Tanah Grogot);15.336,00;521,11;35.393,89;463,43;30.373,63;984,54;65.767,52;0;16.767,36;16.767,36;25,49%;Tidak Ada
264;2024;Hutan Alam;PT. Bakayan Jaya Abadi;9.055,00;1.295,75;74.068,00;1.393,00;134.255,00;2.688,75;208.323,00;0;253.911,75;253.911,75;121,88%;Tidak Ada
265;2024;Hutan Alam;PT. Sumalindo Alam Lestari Unit I;32.550,00;5.398,00;363.132,17;900;66.124,42;6.298,00;429.256,59;0;248.039,27;248.039,27;57,78%;Tidak Ada
266;2024;Hutan Alam;PT. Sumalindo Alam Lestari Unit II;24.500,00;2.211,97;146.529,51;0;0;2.211,97;146.529,51;0;0;0;0,00%;Tidak Ada
267;2024;Hutan Alam;PT. Permata Hijau Khatulistiwa;25.465,00;4.995,12;456.981,64;43,39;614,3;5.038,51;457.595,94;0;238.347,01;238.347,01;52,09%;Tidak Ada
268;2024;Hutan Alam;PT. Hutan Kusuma;14.235,00;50;3.000,00;0;0;50;3.000,00;0;0;0;0,00%;Tidak Ada
269;2024;Hutan Alam;PT. Surya Hutani Jaya;183.300,00;22.488,76;1.752.506,49;8.474,15;703.553,85;30.962,91;2.456.060,34;0;1.192.359,19;1.192.359,19;48,55%;Tidak Ada
270;2024;Hutan Alam;PT. Jaya Bumi Paser;23.590,00;5.641,67;64.232,50; 1218.04 ;5.296,61;0;69.529,11;1.561,09;11.943,26;13.504,35;19,42%;Tidak Ada
271;2024;Hutan Alam;PT. Akandra Hijau Lestari;17.835,00;0;0;0;0;0;0;0;0;0;0%;Tidak Memiliki RKT
272;2024;Hutan Alam;PT. Inhutani I Unit Batu Ampar - Mentawir;16.521,00;800;600;0;0;800;600;0;0;0;0,00%;Tidak Ada
273;2024;Hutan Alam;PT. Kelawit Wanalestari I;17.850,00;648,26;73.416,52;1.175,75;117.311,40;1.824,01;190.727,92;0;83.241,02;83.241,02;43,64%;Tidak Ada
274;2024;Hutan Tanaman;Koperasi. Pondok Pesantren Darussalam;20.159,00;473;18.060,81;0;0;473;18.060,81;0;0;0;0,00%;Memiliki RKT
275;2024;Hutan Tanaman;PT. Karya Wijaya Sukses;17.885,00;0;0;0;0;0;0;0;0;0;0%;Tidak Memiliki RKT
276;2024;Hutan Tanaman;PT. Nadila Indodaya;32.970,00;883,47;9.179,14;0;0;883,47;9.179,14;0;0;0;0,00%;Memiliki RKT
277;2024;Hutan Tanaman;PT. Borneo Karya Indah Mandiri;47.395,00;1.364,00;10.903,48;0;0;1.364,00;10.903,48;0;0;0;0,00%;Memiliki RKT
278;2024;Hutan Tanaman;PT. Wangsa Karya Lestari;38.880,00;1.151,00;10.682,77;0;0;1.151,00;10.682,77;0;0;0;0,00%;Memiliki RKT
279;2024;Hutan Tanaman;PT. Greaty Sukses Abadi Unit Sungai Telakai;34.865,00;0;0;0;0;0;0;0;0;0;0%;Tidak Memiliki RKT
280;2024;Hutan Tanaman;PT. Hanurata (Kalimantan Timur);86.440,00;2.084,00;16.523,64;0;0;2.084,00;16.523,64;0;0;0;0,00%;Memiliki RKT
281;2024;Hutan Tanaman;PT. Kreasi Prima Lestari;41.475,00;0;0;0;0;0;0;0;0;0;0%;Tidak Memiliki RKT
282;2024;Hutan Tanaman;PT. Inhutani I Unit Meraang;70.700,00;2.569,38;68.098,53;977,45;20.389,47;3.546,83;88.488,00;0;0;0;0,00%;Memiliki RKT
283;2024;Hutan Tanaman;PT. Inhutani I Unit Labanan;138.210,00;3.018,00;78.124,79;902;7.624,18;3.920,00;85.748,97;5.278,95;0;5.278,95;6,16%;Memiliki RKT
284;2024;Hutan Tanaman;PT. Karya Lestari;49.123,00;1.464,00;41.267,55;479;11.479,49;1.943,00;52.747,04;8.113,33;0;8.113,33;15,38%;Memiliki RKT
285;2024;Hutan Tanaman;PT. Utama Damai Indah Timber;49.250,00;1.408,00;22.883,60;0,00;0,00;1.408,00;22.883,60;5.358,84;0;5.358,84;23,42%;Memiliki RKT
286;2024;Hutan Tanaman;PT. Kedungmadu Tropical Wood;50.400,00;1.966,00;33.119,31;1.179,00;18.032,05;3.145,00;51.151,36;4.610,08;0;4.610,08;9,01%;Memiliki RKT
287;2024;Hutan Tanaman;PT. Inhutani I Unit Sambarata;106.020,00;2.767,00;88.396,86;400;4.242,05;3.167,00;92.638,91;5.538,80;0;5.538,80;5,98%;Memiliki RKT
288;2024;Hutan Tanaman;KUD. Beringin Mulya;23.635,00;0;0;0;0;0;0;0;0;0;0%;Tidak Memiliki RKT
289;2024;Hutan Tanaman;PT. Amindo Wana Persada;43.680,00;1.171,74;25.824,28;0;0;1.171,74;25.824,28;0;0;0;0,00%;Memiliki RKT
290;2024;Hutan Tanaman;CV. Pari Jaya Makmur;12.070,00;0;0;0;0;0;0;0;0;0;0%;Tidak Memiliki RKT
291;2024;Hutan Tanaman;PT. Mardhika Insan Mulia;46.080,00;0;0;0;0;0;0;1.947,44;0;1.947,44;0%;Tidak Memiliki RKT
292;2024;Hutan Tanaman;PT. Telaga Mas Kalimantan;82.805,00;0;0;0;0;0;0;0;0;0;0%;Memiliki RKT
293;2024;Hutan Tanaman;PT. Belayan River Timber;97.500,00;1.795,94;14.159,41;386,83;1.901,40;2.182,77;16.060,81;0;0;0;0,00%;Memiliki RKT
294;2024;Hutan Tanaman;PT. Widya Artha Perdana;14.800,00;345;13.411,81;0;0;345;13.411,81;0;0;0;0,00%;Memiliki RKT
295;2024;Hutan Tanaman;PT. Barito Nusantara Indah;94.685,00;0;0;0;0;0;0;0;0;0;0%;Tidak Memiliki RKT
296;2024;Hutan Tanaman;PT. Daisy Timber;30.170,00;0;0;0;0;0;0;0;0;0;0%;Tidak Memiliki RKT
297;2024;Hutan Tanaman;PT. Wana Bakti Persada Utama;44.402,00;1.259,00;9.870,88;1.271,00;29.388,44;2.530,00;39.259,32;0;0;0;0,00%;Memiliki RKT
298;2024;Hutan Tanaman;PT. Intertropic Aditama;46.230,00;1.268,10;19.503,48;0;0;1.268,10;19.503,48;8.411,24;0;8.411,24;43,13%;Memiliki RKT
299;2024;Hutan Tanaman;PT. Rimba Karya Rayatama;39.800,00;0;0;0;0;0;0;0;0;0;0%;Tidak Memiliki RKT
300;2024;Hutan Tanaman;PT. Trimurti Madina Mulia;30.810,00;0;0;0;0;0;0;0;0;0;0%;Tidak Memiliki RKT
301;2024;Hutan Tanaman;PT. Mardhika Insan Mulia Tabalar;25.630,00;544,98;35.177,54;0;0;544,98;35.177,54;330,64;0;330,64;0,94%;Memiliki RKT
302;2024;Hutan Tanaman;PT. Kemakmuran Berkah Timber;82.810,00;2.093,38;34.742,20;476,81;8.431,08;2.570,19;43.173,28;6.791,19;0;6.791,19;15,73%;Memiliki RKT
303;2024;Hutan Tanaman;PT. Roda Mas Timber Kalimantan;70.324,64;0;0;0;0;0;0;0;0;0;0%;Tidak Memiliki RKT
304;2024;Hutan Tanaman;PT. Harapan Kaltim Lestari;44.515,00;0;0;0;0;0;0;0;0;0;0%;Tidak Memiliki RKT
305;2024;Hutan Tanaman;PT. Sumalindo Lestari Jaya V;59.860,00;0;0;0;0;0;0;0;0;0;0%;Tidak Memiliki RKT
306;2024;Hutan Tanaman;PT. Kedap Sayaag;14.370,00;403;18.377,22;649;15.224,57;1.052,00;33.601,79;0;0;0;0,00%;Memiliki RKT
307;2024;Hutan Tanaman;PT. Puji Sempurna Raharja;14.605,00;611;20.920,74;0;0;611;20.920,74;1.508,78;0;1.508,78;7,21%;Memiliki RKT
308;2024;Hutan Tanaman;PT. Mahakarya Perdana Gemilang Unit II;12.890,00;2.720,01;103.479,62;0;0;2.720,01;103.479,62;0;0;0;0%;Memiliki RKT
309;2024;Hutan Tanaman;PT. Mahakarya Perdana Gemilang Unit I;22.305,00;4.263,10;117.500,40;0;0;4.263,10;117.500,40;0;0;0;0%;Memiliki RKT
310;2024;Hutan Tanaman;PT. Narkata Rimba;65.925,00;1.306,20;9.100,92;180,52;1.084,93;1.486,72;10.185,85;0;0;0;0,00%;Memiliki RKT
311;2024;Hutan Tanaman;PT. Panambangan;43.240,00;3.408,67;7.949,85;0;0;3.408,67;7.949,85;1.251,00;0;1.251,00;15,74%;Memiliki RKT
312;2024;Hutan Tanaman;PT. Restorasi Habitat Orangutan Indonesia;86.450,00;0;0;0;0;0;0;0;0;0;0%;Tidak Memiliki RKT
313;2024;Hutan Tanaman;PT. Seroja Universum Narwastu;36.500,00;1.045,00;45.130,50;0;0;1.045,00;45.130,50;0;0;0;0,00%;Memiliki RKT
314;2024;Hutan Tanaman;PT. Sumalindo Lestari Jaya IV;63.550,00;2.155,04;73.171,39;0;2.680,81;2.155,04;75.852,20;3.559,23;0;3.559,23;4,69%;Memiliki RKT
315;2024;Hutan Tanaman;PT. Mutiara Kalja Permai;65.875,00;0;0;0;0;0;0;0;0;0;0%;Tidak Memiliki RKT
316;2024;Hutan Tanaman;PT. Mutiara Kalja Permai Unit I (d.h. Wana Rimba Kencana);75.120,00;2.395,00;44.407,05;1.552,00;20.044,21;3.947,00;64.451,26;5.700,65;0;5.700,65;8,84%;Memiliki RKT
317;2024;Hutan Tanaman;PT. Triwiraasta Bharata;47.155,00;0;0;0;0;0;0;0;0;0;0%;Tidak Memiliki RKT
318;2024;Hutan Tanaman;PT. Balikpapan Wana Lestari;140.845,00;2.932,00;37.894,55;1.523,00;15.500,90;4.455,00;53.395,45;0;0;0;0,00%;Memiliki RKT
319;2024;Hutan Tanaman;PT. Daya Maju Lestari;54.405,00;947,2;113.664,00;0;0;947,2;113.664,00;0;0;0;0,00%;Memiliki RKT
320;2024;Hutan Tanaman;PT. Gunung Gajah Abadi;74.851,55;1.850,00;88.468,03;0;0;1.850,00;88.468,03;0;0;0;0,00%;Memiliki RKT
321;2024;Hutan Tanaman;PT. Oceanias Timber Products;67.030,00;0;0;0;0;0;0;0;0;0;0%;Tidak Memiliki RKT
322;2024;Hutan Tanaman;PT. Segara Indochem;85.725,00;0;0;0;0;0;0;0;0;0;0%;Tidak Memiliki RKT
323;2024;Hutan Tanaman;PT. Greaty Sukses Abadi;16.865,00;0;0;0;0;0;0;0;0;0;0%;Tidak Memiliki RKT
324;2024;Hutan Tanaman;PT. Kiani Lestari;134.950,00;0;0;0;0;0;0;208,88;0;208,88;0%;Tidak Memiliki RKT
325;2024;Hutan Tanaman;PT. Hutan Orangutan Perlindungan Ekosistem;49.999,00;0;0;0;0;0;0;0;0;0;0%;Tidak Memiliki RKT
326;2024;Hutan Tanaman;PT. Hutan Orangutan Perlindungan Ekosistem Unit 2;49.910,00;0;0;0;0;0;0;0;0;0;0%;Tidak Memiliki RKT
327;2024;Hutan Tanaman;PT. Aditya Kirana Makmur;42.700,00;0;0;0;0;0;0;0;0;0;0%;Tidak Memiliki RKT
328;2024;Hutan Tanaman;PT. Aquila Silva;55.300,00;1.700,00;15.330,96;0;0;1.700,00;15.330,96;0;0;0;0,00%;Memiliki RKT
329;2024;Hutan Tanaman;PT. Ratah Timber;93.425,00;1.677,95;42.630,40;0;0;1.677,95;42.630,40;0;0;0;0,00%;Memiliki RKT
330;2024;Hutan Tanaman;PT. ITCI Kartika Utama (ITCIKU);174.772,64;3.046,50;30.335,18;1.787,26;32.061,16;4.833,76;62.396,34;0;0;0;0,00%;Memiliki RKT
331;2024;Hutan Tanaman;PT. Timberdana;74.580,00;2.045,00;33.619,55;0;0;2.045,00;33.619,55;0;0;0;0,00%;Memiliki RKT
332;2024;Hutan Tanaman;PT. Sumalindo Lestari Jaya II;267.600,00;0;0;0;0;0;0;0;0;0;0%;Memiliki RKT
333;2024;Hutan Tanaman;PT. Rizki Kacida Reana;55.150,00;1.296,00;45.490,07;0;0;1.296,00;45.490,07;0;0;0;0,00%;Memiliki RKT
334;2025;Hutan Alam;PT. Delonix Agro Prima;19.250,00;0;0;0;0;0;0;0;0;0;0%;Tidak Memiliki RKT
335;2025;Hutan Alam;PT. Belantara Subur;16.475,00;378,33;34.005,90;0;0;378,33;34.005,90;0;0;0;0,00%;Memiliki RKT
336;2025;Hutan Alam;PT. Belantara Pusaka;15.610,00;2.749,00;34.415,03;2.127,00;22.422,50;4.876,00;56.837,53;0;0;0;0,00%;Memiliki RKT
337;2025;Hutan Alam;PT. Belantara Persada;17.150,00;3.093,76;45.434,87;0;0;3.093,76;45.434,87;0;0;0;0,00%;Memiliki RKT
338;2025;Hutan Alam;PT. Acacia Andalan Utama;38.879,70;3.630,46;330.452,82;689,51;50.295,52;4.319,97;380.748,34;0;64.928,58;64.928,58;17,05%;Memiliki RKT
339;2025;Hutan Alam;PT. Multi Kusuma Cemerlang;18.045,00;0;0;0;0;0;0;0;0;0;0%;Tidak Memiliki RKT
340;2025;Hutan Alam;PT. Acacia Andalan Utama II;21.965,00;0;0;0;0;0;0;0;0;0;0%;Memiliki RKT
341;2025;Hutan Alam;PT. Cahaya Mitra Wiratama;18.290,00;0;0;0;0;0;0;0;0;0;0%;Tidak Memiliki RKT
342;2025;Hutan Alam;PT. Dharma Hutani Makmur;28.950,00;0;0;0;0;0;0;0;0;0;0%;Tidak Memiliki RKT
343;2025;Hutan Alam;PT. Sumalindo Hutani Jaya I;10.976,40;1.042,29;31.487,05;0;0;1.042,29;31.487,05;0;0;0;0,00%;Memiliki RKT
344;2025;Hutan Alam;PT. Tanjung Redeb Hutani;185.840,00;16.989,24;553.998,86;0;0;16.989,24;553.998,86;0;4.332,96;4.332,96;0,78%;Memiliki RKT
345;2025;Hutan Alam;PT. Sumalindo Hutani Jaya II;54.490,00;2.869,88;133.506,26;407,02;31.900,19;3.276,90;165.406,45;0;0;0;0,00%;Memiliki RKT
346;2025;Hutan Alam;PT. Wahana Subur Persada;41.735,00;0;0;0;0;0;0;0;0;0;0%;Tidak Memiliki RKT
347;2025;Hutan Alam;PT. Mahakam Persada Sakti;25.410,00;1.989,75;142.046,21;0;0,00;1.989,75;142.046,21;0;16.644,90;16.644,90;11,72%;Memiliki RKT
348;2025;Hutan Alam;PT. Silva Rimba Lestari;88.000,00;0;0;0;0;0;0;0;0;0;0%;Tidak Memiliki RKT
349;2025;Hutan Alam;PT. Kelawit Wanalestari II;26.565,00;0;0;0;0;0;0;0;0;0;0%;Memiliki RKT
350;2025;Hutan Alam;PT. Swadaya Perkasa;17.925,00;1.697,00;37.815,20;1.797,00;45.363,31;3.494,00;83.178,51;1.679,23;0;1.679,23;2,02%;Memiliki RKT
351;2025;Hutan Alam;PT. Indosubur Sukses Makmur;28.655,00;5.817,96;188.510,24;0;0;5.817,96;188.510,24;0;0;0;0,00%;Memiliki RKT
352;2025;Hutan Alam;PT. Taman Daulat Wananusa;13.400,00;0;0;0;0;0;0;0;0;0;0%;Tidak Memiliki RKT
353;2025;Hutan Alam;PT. Kelawit Hutani Lestari;9.755,00;0;0;0;0;0;0;0;0;0;0%;Memiliki RKT
354;2025;Hutan Alam;PT. Fajar Surya Swadaya;56.211,75;0;0;0;0;0;0;0;0;0;0%;Tidak Memiliki RKT
355;2025;Hutan Alam;PT. Sylvaduta Corporation;42.635,00;4.480,36;3.168,67;3.807,42;1.983,90;8.287,78;5.152,57;0;0;0;0,00%;Memiliki RKT
356;2025;Hutan Alam;PT. Diva Perdana Pesona;29.485,00;0;0;0;0;0;0;0;0;0;0%;Tidak Memiliki RKT
357;2025;Hutan Alam;PT. Hutan Berau Lestari;12.002,00;2.763,99;123.165,52;0;0;2.763,99;123.165,52;6.085,67;0;6.085,67;4,94%;Memiliki RKT
358;2025;Hutan Alam;PT. Hanujaya Hutanindo;13.900,00;0;0;1.381,92;4.393,37;1.381,92;4.393,37;0;0;0;0,00%;Memiliki RKT
359;2025;Hutan Alam;PT. Silva Selaras Utama;35.640,00;4.489,23;111.074,17;5.188,80;126.923,08;9.678,03;237.997,25;0;0;0;0,00%;Memiliki RKT
360;2025;Hutan Alam;PT. Hutan Mahligai;11.275,00;0;0;0;0;0;0;0;0;0;0%;Tidak Memiliki RKT
361;2025;Hutan Alam;PT. Bhinneka Wana;9.945,00;0;0;0;0;0;0;0;0;0;0%;Memiliki RKT
362;2025;Hutan Alam;PT. Wana Kaltim Lestari;15.825,21;611;7.006,48;544,84;3.139,28;1.155,84;10.145,76;1.073,08;0;1.073,08;10,58%;Memiliki RKT
363;2025;Hutan Alam;PT. ITCI Hutani Manunggal;112.868,00;7.385,92;756.043,65;3.098,61;381.113,43;10.484,53;1.137.157,08;0;149.539,95;149.539,95;13,15%;Memiliki RKT
364;2025;Hutan Alam;PT. Rimba Raya Lestari;17.330,00;0;0;0;0;0;0;0;0;0;0%;Tidak Memiliki RKT
365;2025;Hutan Alam;PT. Sendawar Adhi Karya;25.400,00;2.830,13;38.201,06;1.730,55;33.938,08;4.560,68;72.139,14;8.434,02;0;8.434,02;11,69%;Memiliki RKT
366;2025;Hutan Alam;PT. Permata Borneo Abadi;49.297,08;6.979,45;385.681,21;106,33;11.841,40;7.085,78;397.522,61;0;27.791,23;27.791,23;6,99%;Memiliki RKT
367;2025;Hutan Alam;PT. Santan Borneo Abadi;37.825,00;2.075,48;67.784,00;508,56;20.936,00;2.584,04;88.720,00;0;3.038,88;3.038,88;3,43%;Memiliki RKT
368;2025;Hutan Alam;PT. Oceanias Timber Products;16.600,00;2.390,35;9.499,32;1.564,25;3.623,27;3.954,60;13.122,59;0;0;0;0,00%;Memiliki RKT
369;2025;Hutan Alam;PT. Puji Sempurna Raharja;8.100,00;1.000,00;15.002,06;399,06;2.191,76;1.399,06;17.193,82;0;351,14;351,14;2,04%;Memiliki RKT
370;2025;Hutan Alam;PT. Borneo Kutai Lestari;13.240,00;0;0;0;0;0;0;0;0;0;0%;Tidak Memiliki RKT
371;2025;Hutan Alam;PT. Inhutani I Unit Long Nah;48.215,00;3.329,20;182.881,96;1.077,94;39.686,15;4.407,14;222.568,11;0;20.331,39;20.331,39;9,13%;Memiliki RKT
372;2025;Hutan Alam;PT. Mitra Mulia Mahakam;10.350,00;1.080,38;11.400,68;0;0;1.080,38;11.400,68;0;0;0;0,00%;Memiliki RKT
373;2025;Hutan Alam;PT. Inhutani I (Unit Tanah Grogot);13.595,00;290,69;13.226,46;0;0;290,69;13.226,46;0;0;0;0,00%;Memiliki RKT
374;2025;Hutan Alam;PT. Bakayan Jaya Abadi;9.055,00;0;0;2.594,11;244.847,00;2.594,11;244.847,00;0;26.087,06;26.087,06;10,65%;Memiliki RKT
375;2025;Hutan Alam;PT. Sumalindo Alam Lestari Unit I;32.550,00;1.258,25;24.075,81;2.000,67;126.210,67;3.258,92;150.286,48;0;63.858,79;63.858,79;42,49%;Memiliki RKT
376;2025;Hutan Alam;PT. Sumalindo Alam Lestari Unit II;24.500,00;1.306,67;2.607,18;2.302,24;148.355,47;3.608,91;150.962,65;0;0;0;0,00%;Memiliki RKT
377;2025;Hutan Alam;PT. Permata Hijau Khatulistiwa;26.345,00;3.351,09;237.972,66;278,8;16.595,00;3.629,89;254.567,66;0;32.187,37;32.187,37;12,64%;Memiliki RKT
378;2025;Hutan Alam;PT. Hutan Kusuma;14.235,00;0;0;0;0;0;0;0;0;0;0%;Tidak Memiliki RKT
379;2025;Hutan Alam;PT. Surya Hutani Jaya;153.875,00;17.794,76;915.495,33;6.157,46;394.418,25;23.952,22;1.309.913,58;0;186.015,59;186.015,59;14,20%;Memiliki RKT
380;2025;Hutan Alam;PT. Jaya Bumi Paser;23.529,29;119.988,00;4.005,62;0;0;119.988,00;4.005,62;0;0;0;0,00%;Memiliki RKT
381;2025;Hutan Alam;PT. Akandra Hijau Lestari;17.835,00;0;0;0;0;0;0;0;0;0;0%;Tidak Memiliki RKT
382;2025;Hutan Alam;PT. Inhutani I Unit Batu Ampar - Mentawir;15.365,00;0;0;0;0;0;0;0;0;0;0%;Memiliki RKT
383;2025;Hutan Alam;PT. Kelawit Wanalestari I;17.850,00;0;0;282,72;31.642,61;282,72;31.642,61;0;0;0;0,00%;Memiliki RKT
384;2025;Hutan Tanaman;PT. Delonix Agro Prima;19.250,00;0;0;0;0;0;0;0;0;0;0%;Tidak Memiliki RKT
385;2025;Hutan Tanaman;PT. Belantara Subur;16.475,00;378,33;34.005,90;0;0;378,33;34.005,90;0;0;0;0,00%;Memiliki RKT
386;2025;Hutan Tanaman;PT. Belantara Pusaka;15.610,00;2.749,00;34.415,03;2.127,00;22.422,50;4.876,00;56.837,53;0;0;0;0,00%;Memiliki RKT
387;2025;Hutan Tanaman;PT. Belantara Persada;17.150,00;3.093,76;45.434,87;0;0;3.093,76;45.434,87;0;0;0;0,00%;Memiliki RKT
388;2025;Hutan Tanaman;PT. Acacia Andalan Utama;38.879,70;3.630,46;330.452,82;689,51;50.295,52;4.319,97;380.748,34;0;64.928,58;64.928,58;17,05%;Memiliki RKT
389;2025;Hutan Tanaman;PT. Multi Kusuma Cemerlang;18.045,00;0;0;0;0;0;0;0;0;0;0%;Tidak Memiliki RKT
390;2025;Hutan Tanaman;PT. Acacia Andalan Utama II;21.965,00;0;0;0;0;0;0;0;0;0;0%;Memiliki RKT
391;2025;Hutan Tanaman;PT. Cahaya Mitra Wiratama;18.290,00;0;0;0;0;0;0;0;0;0;0%;Tidak Memiliki RKT
392;2025;Hutan Tanaman;PT. Dharma Hutani Makmur;28.950,00;0;0;0;0;0;0;0;0;0;0%;Tidak Memiliki RKT
393;2025;Hutan Tanaman;PT. Sumalindo Hutani Jaya I;10.976,40;1.042,29;31.487,05;0;0;1.042,29;31.487,05;0;0;0;0,00%;Memiliki RKT
394;2025;Hutan Tanaman;PT. Tanjung Redeb Hutani;185.840,00;16.989,24;553.998,86;0;0;16.989,24;553.998,86;0;4.332,96;4.332,96;0,78%;Memiliki RKT
395;2025;Hutan Tanaman;PT. Sumalindo Hutani Jaya II;54.490,00;2.869,88;133.506,26;407,02;31.900,19;3.276,90;165.406,45;0;0;0;0,00%;Memiliki RKT
396;2025;Hutan Tanaman;PT. Wahana Subur Persada;41.735,00;0;0;0;0;0;0;0;0;0;0%;Tidak Memiliki RKT
397;2025;Hutan Tanaman;PT. Mahakam Persada Sakti;25.410,00;1.989,75;142.046,21;0;0;1.989,75;142.046,21;0;16.644,90;16.644,90;11,72%;Memiliki RKT
398;2025;Hutan Tanaman;PT. Silva Rimba Lestari;88.000,00;0;0;0;0;0;0;0;0;0;0%;Tidak Memiliki RKT
399;2025;Hutan Tanaman;PT. Kelawit Wanalestari II;26.565,00;0;0;0;0;0;0;0;0;0;0%;Memiliki RKT
400;2025;Hutan Tanaman;PT. Swadaya Perkasa;17.925,00;1.697,00;37.815,20;1.797,00;45.363,31;3.494,00;83.178,51;1.679,23;0;1.679,23;2,02%;Memiliki RKT
401;2025;Hutan Tanaman;PT. Indosubur Sukses Makmur;28.655,00;5.817,96;188.510,24;0;0;5.817,96;188.510,24;0;0;0;0,00%;Memiliki RKT
402;2025;Hutan Tanaman;PT. Taman Daulat Wananusa;13.400,00;0;0;0;0;0;0;0;0;0;0%;Tidak Memiliki RKT
403;2025;Hutan Tanaman;PT. Kelawit Hutani Lestari;9.755,00;0;0;0;0;0;0;0;0;0;0%;Memiliki RKT
404;2025;Hutan Tanaman;PT. Fajar Surya Swadaya;56.211,75;0;0;0;0;0;0;0;0;0;0%;Tidak Memiliki RKT
405;2025;Hutan Tanaman;PT. Sylvaduta Corporation;42.635,00;4.480,36;3.168,67;3.807,42;1.983,90;8.287,78;5.152,57;0;0;0;0,00%;Memiliki RKT
406;2025;Hutan Tanaman;PT. Diva Perdana Pesona;29.485,00;0;0;0;0;0;0;0;0;0;0%;Tidak Memiliki RKT
407;2025;Hutan Tanaman;PT. Hutan Berau Lestari;12.002,00;2.763,99;123.165,52;0;0;2.763,99;123.165,52;6.085,67;0;6.085,67;4,94%;Memiliki RKT
408;2025;Hutan Tanaman;PT. Hanujaya Hutanindo;13.900,00;0;0;1.381,92;4.393,37;1.381,92;4.393,37;0;0;0;0,00%;Memiliki RKT
409;2025;Hutan Tanaman;PT. Silva Selaras Utama;35.640,00;4.489,23;111.074,17;5.188,80;126.923,08;9.678,03;237.997,25;0;0;0;0,00%;Memiliki RKT
410;2025;Hutan Tanaman;PT. Hutan Mahligai;11.275,00;0;0;0;0;0;0;0;0;0;0%;Tidak Memiliki RKT
411;2025;Hutan Tanaman;PT. Bhinneka Wana;9.945,00;0;0;0;0;0;0;0;0;0;0%;Memiliki RKT
412;2025;Hutan Tanaman;PT. Wana Kaltim Lestari;15.825,21;611;7.006,48;544,84;3.139,28;1.155,84;10.145,76;1.073,08;0;1.073,08;10,58%;Memiliki RKT
413;2025;Hutan Tanaman;PT. ITCI Hutani Manunggal;112.868,00;7.385,92;756.043,65;3.098,61;381.113,43;10.484,53;1.137.157,08;0;149.539,95;149.539,95;13,15%;Memiliki RKT
414;2025;Hutan Tanaman;PT. Rimba Raya Lestari;17.330,00;0;0;0;0;0;0;0;0;0;0%;Tidak Memiliki RKT
415;2025;Hutan Tanaman;PT. Sendawar Adhi Karya;25.400,00;2.830,13;38.201,06;1.730,55;33.938,08;4.560,68;72.139,14;8.434,02;0;8.434,02;11,69%;Memiliki RKT
416;2025;Hutan Tanaman;PT. Permata Borneo Abadi;49.297,08;6.979,45;385.681,21;106,33;11.841,40;7.085,78;397.522,61;0;27.791,23;27.791,23;6,99%;Memiliki RKT
417;2025;Hutan Tanaman;PT. Santan Borneo Abadi;37.825,00;2.075,48;67.784,00;508,56;20.936,00;2.584,04;88.720,00;0;3.038,88;3.038,88;3,43%;Memiliki RKT
418;2025;Hutan Tanaman;PT. Oceanias Timber Products;16.600,00;2.390,35;9.499,32;1.564,25;3.623,27;3.954,60;13.122,59;0;0;0;0,00%;Memiliki RKT
419;2025;Hutan Tanaman;PT. Puji Sempurna Raharja;8.100,00;1.000,00;15.002,06;399,06;2.191,76;1.399,06;17.193,82;0;351,14;351,14;2,04%;Memiliki RKT
420;2025;Hutan Tanaman;PT. Borneo Kutai Lestari;13.240,00;0;0;0;0;0;0;0;0;0;0%;Tidak Memiliki RKT
421;2025;Hutan Tanaman;PT. Inhutani I Unit Long Nah;48.215,00;3.329,20;182.881,96;1.077,94;39.686,15;4.407,14;222.568,11;0;20.331,39;20.331,39;9,13%;Memiliki RKT
422;2025;Hutan Tanaman;PT. Mitra Mulia Mahakam;10.350,00;1.080,38;11.400,68;0;0;1.080,38;11.400,68;0;0;0;0,00%;Memiliki RKT
423;2025;Hutan Tanaman;PT. Inhutani I (Unit Tanah Grogot);13.595,00;290,69;13.226,46;0;0;290,69;13.226,46;0;0;0;0,00%;Memiliki RKT
424;2025;Hutan Tanaman;PT. Bakayan Jaya Abadi;9.055,00;0;0;2.594,11;244.847,00;2.594,11;244.847,00;0;26.087,06;26.087,06;10,65%;Memiliki RKT
425;2025;Hutan Tanaman;PT. Sumalindo Alam Lestari Unit I;32.550,00;1.258,25;24.075,81;2.000,67;126.210,67;3.258,92;150.286,48;0;63.858,79;63.858,79;42,49%;Memiliki RKT
426;2025;Hutan Tanaman;PT. Sumalindo Alam Lestari Unit II;24.500,00;1.306,67;2.607,18;2.302,24;148.355,47;3.608,91;150.962,65;0;0;0;0,00%;Memiliki RKT
427;2025;Hutan Tanaman;PT. Permata Hijau Khatulistiwa;26.345,00;3.351,09;237.972,66;278,8;16.595,00;3.629,89;254.567,66;0;32.187,37;32.187,37;12,64%;Memiliki RKT
428;2025;Hutan Tanaman;PT. Hutan Kusuma;14.235,00;0;0;0;0;0;0;0;0;0;0%;Tidak Memiliki RKT
429;2025;Hutan Tanaman;PT. Surya Hutani Jaya;153.875,00;17.794,76;915.495,33;6.157,46;394.418,25;23.952,22;1.309.913,58;0;186.015,59;186.015,59;14,20%;Memiliki RKT
430;2025;Hutan Tanaman;PT. Jaya Bumi Paser;23.529,29;119.988,00;4.005,62;0;0;119.988,00;4.005,62;0;0;0;0,00%;Memiliki RKT
431;2025;Hutan Tanaman;PT. Akandra Hijau Lestari;17.835,00;0;0;0;0;0;0;0;0;0;0%;Tidak Memiliki RKT
432;2025;Hutan Tanaman;PT. Inhutani I Unit Batu Ampar - Mentawir;15.365,00;0;0;0;0;0;0;0;0;0;0%;Memiliki RKT
433;2025;Hutan Tanaman;PT. Kelawit Wanalestari I;17.850,00;0;0;282,72;31.642,61;282,72;31.642,61;0;0;0;0,00%;Memiliki RKT
